xid,packet_count,flow_duration,avg_packet_size
3973631524,4,2.0255610942840576,466.0
2527134750,4,0.022753000259399414,353.5
4046862377,4,2.0035855770111084,376.25
3739724068,4,1.0096478462219238,350.5
147794590,5,3.2539544105529785,502.0
